name,email,gender
Allx,ajeanet0@huffingtonpost.com,Female
Caril,crunge1@miibeian.gov.cn,Female
Shea,sstanesby2@biglobe.ne.jp,Female
Teador,tmcleoid3@devhub.com,Male
Janina,jpilbury4@noaa.gov,Female
Scotty,sgoodie5@com.com,Male
Risa,rwickendon6@goo.ne.jp,Female
Anastasia,aohickee7@friendfeed.com,Genderqueer
Meredeth,mmineghelli8@sun.com,Male
Jewelle,jsymcox9@arizona.edu,Female
Benito,bohartagana@netscape.com,Male
Farrell,fwindousb@unblog.fr,Male
Torin,tsyersc@unc.edu,Male
Henrietta,hneeshamd@sina.com.cn,Female
Slade,spiotrowskie@shareasale.com,Male
Reiko,rdullardf@bloomberg.com,Female
Gifford,gcastellag@goo.ne.jp,Bigender
Dell,dpoundh@seattletimes.com,Female
Robinson,rgerleri@netlog.com,Agender
Agustin,aogriffinj@trellian.com,Male
Del,dhearleyk@arstechnica.com,Polygender
Robinett,rswiggl@tmall.com,Female
Mercie,mgloyensm@home.pl,Female
Cale,cposnern@etsy.com,Male
Sibylle,sshilletoo@blogger.com,Female
Alanson,ameenehanp@skyrock.com,Male
Aube,ajiggensq@yahoo.com,Male
Boote,bwoolwardr@t-online.de,Male
Anderson,agallahers@census.gov,Male
Rickert,rgreenlandt@disqus.com,Male
Lisette,llinneyu@nhs.uk,Female
Charlot,charrillv@prlog.org,Female
Jessi,jsimmondsw@google.com.br,Female
Jamima,jciobotarux@ca.gov,Female
Ray,rpachy@usa.gov,Female
Margarette,mwisherz@nba.com,Female
Agnesse,atomaszkiewicz10@youtu.be,Female
Nani,nmahmood11@hostgator.com,Female
Vinson,vaidler12@paginegialle.it,Male
Desirae,dorvis13@slideshare.net,Female
Maible,mfoulcher14@baidu.com,Female
Darcey,dshearston15@ox.ac.uk,Female
Karlens,kbirden16@amazon.de,Male
Doria,dtollmache17@twitpic.com,Female
Lurleen,lsailor18@youtu.be,Female
Claudelle,cmcreidy19@typepad.com,Polygender
Marty,mlabbet1a@gizmodo.com,Genderqueer
Thomas,tmeharry1b@wp.com,Male
Boyce,btooher1c@loc.gov,Male
Eleonora,efinlow1d@desdev.cn,Female
Boot,bneads1e@usatoday.com,Male
Florian,fseeborne1f@studiopress.com,Male
Wilow,wkennelly1g@admin.ch,Female
Marleah,mcuff1h@bing.com,Female
Neall,nwilcinskis1i@webeden.co.uk,Non-binary
Rayna,rtrebilcock1j@yelp.com,Non-binary
Sherline,sjansik1k@g.co,Female
Brewer,bheersma1l@ezinearticles.com,Male
Zebedee,zverrico1m@goo.ne.jp,Male
Ahmad,awhapham1n@mashable.com,Male
Bettye,bielden1o@chicagotribune.com,Female
Chaddy,cgarvie1p@usgs.gov,Male
Pooh,pchild1q@squidoo.com,Female
Lavinia,lcolwell1r@dedecms.com,Female
Marillin,mpowton1s@cnet.com,Female
Auguste,acowherd1t@g.co,Female
Noll,nwem1u@addtoany.com,Male
Stafford,sbussell1v@theatlantic.com,Male
Marlin,mpavlovic1w@latimes.com,Male
Yance,ylambourn1x@va.gov,Male
Ignacio,idioniso1y@whitehouse.gov,Male
Annalee,achetwin1z@google.com.hk,Bigender
Alexine,ahoston20@walmart.com,Female
Ameline,abernaert21@loc.gov,Female
Jedidiah,jmacvicar22@123-reg.co.uk,Male
Lola,lwrightson23@tinyurl.com,Genderqueer
Kenn,ktimlin24@usnews.com,Male
Alisha,astork25@earthlink.net,Female
Ringo,rbarnbrook26@pen.io,Male
Carleton,ctybalt27@netvibes.com,Non-binary
Anastasie,aagent28@fema.gov,Female
Sylvester,sfardy29@hibu.com,Male
Hogan,htargett2a@answers.com,Male
Phyllys,pshirland2b@odnoklassniki.ru,Polygender
Jordanna,jknightsbridge2c@yellowbook.com,Female
Estella,emcelroy2d@apple.com,Female
Briano,bdicte2e@admin.ch,Male
Karleen,kosborn2f@skype.com,Female
Thibaut,tmackinder2g@woothemes.com,Male
Clemens,ckiloh2h@marketwatch.com,Male
Sherwin,snormabell2i@simplemachines.org,Male
Camey,cmatejic2j@mayoclinic.com,Male
Oberon,ogale2k@japanpost.jp,Male
Lisabeth,ltaylour2l@bing.com,Female
Jonie,jedgcombe2m@indiatimes.com,Female
Pete,pmattys2n@amazonaws.com,Male
Ellswerth,ehaestier2o@umich.edu,Male
Carmelina,cnials2p@washington.edu,Female
Charil,ctayt2q@tuttocitta.it,Female
Adrianne,abatting2r@mapy.cz,Female
Nadia,ncockshtt2s@cpanel.net,Female
Maury,mgrevile2t@plala.or.jp,Male
Taddeusz,tgrunbaum2u@ft.com,Male
Robby,rmougenel2v@w3.org,Female
Cyrillus,cbullingham2w@disqus.com,Male
Estele,enunesnabarro2x@i2i.jp,Female
Berti,bfrancais2y@oakley.com,Male
Chiarra,cmadge2z@hc360.com,Female
Ursuline,uertel30@upenn.edu,Female
Jeanelle,jcrumbleholme31@nifty.com,Female
Sapphira,skydd32@dedecms.com,Female
Lewes,lmarchenko33@discovery.com,Genderfluid
Alie,afontaine34@ovh.net,Non-binary
Hanan,hkemetz35@etsy.com,Male
Marvin,mivanov36@cocolog-nifty.com,Male
Fonsie,fraddon37@wikia.com,Male
Verene,vskipton38@geocities.jp,Female
Demetria,dharlin39@techcrunch.com,Female
Maison,mmowatt3a@army.mil,Male
David,dedlington3b@google.co.uk,Male
Dallas,daskwith3c@trellian.com,Female
Bail,bcomelli3d@google.co.uk,Male
Gaelan,garlott3e@about.com,Male
Bari,bhuitson3f@digg.com,Female
Lowe,lcardno3g@example.com,Male
Patty,ping3h@opera.com,Female
Willi,wbraxton3i@fema.gov,Male
Theodosia,tchittock3j@senate.gov,Female
Parry,plittleover3k@cbslocal.com,Male
Smith,stewes3l@stumbleupon.com,Male
Tanney,tbyllam3m@merriam-webster.com,Male
Lexi,lantham3n@bloglovin.com,Female
Lamond,lmacnucator3o@businessweek.com,Male
Anselma,ameriet3p@csmonitor.com,Female
Dur,dbrind3q@acquirethisname.com,Male
Dev,dgiacomazzo3r@bandcamp.com,Male
Marv,mmaasz3s@nps.gov,Male
Flss,flundie3t@arizona.edu,Female
Stu,syakovliv3u@npr.org,Male
Felicity,fforsdike3v@angelfire.com,Female
Beverie,bkemmish3w@examiner.com,Female
Annissa,alevesque3x@com.com,Female
Agatha,asorrel3y@digg.com,Female
Lyman,lhaylands3z@ustream.tv,Male
Billye,bgerleit40@goo.ne.jp,Female
Andrea,ariddock41@usnews.com,Female
Florina,fgoodley42@clickbank.net,Female
Clovis,cmeakes43@google.de,Female
Gaylord,gedgson44@dailymotion.com,Male
Salvidor,sdawdary45@seesaa.net,Male
Yolanthe,ychastel46@sogou.com,Genderfluid
Hall,hbabinski47@nhs.uk,Male
Orelle,oshevels48@about.com,Female
Jonie,jdenyakin49@woothemes.com,Female
Jory,jmcalester4a@rediff.com,Male
Jessee,jlogesdale4b@wikia.com,Male
Lorine,lgreatreax4c@over-blog.com,Female
Andras,ahindshaw4d@accuweather.com,Male
Gustaf,gpunter4e@mayoclinic.com,Male
Sal,sfisby4f@deviantart.com,Female
Kacy,kmeeland4g@noaa.gov,Female
Ginevra,gelcocks4h@dion.ne.jp,Female
Ebonee,ewoolmer4i@bbb.org,Female
Laura,lpandie4j@baidu.com,Female
Sylas,sseaman4k@mediafire.com,Male
Tyrone,tmcgoon4l@instagram.com,Male
Corbin,cpavek4m@amazonaws.com,Genderfluid
Melloney,mlakenden4n@fotki.com,Female
Ashien,agrassi4o@adobe.com,Bigender
Chic,crobiou4p@networksolutions.com,Male
Benton,bcovotti4q@mail.ru,Male
Wylie,wroon4r@google.pl,Male
Yurik,ywestman4s@4shared.com,Male
Vere,vsantora4t@geocities.jp,Female
Andi,ascamal4u@studiopress.com,Polygender
Mag,murwin4v@prlog.org,Genderfluid
Aleda,atwaite4w@bandcamp.com,Female
Yasmin,ycossem4x@ftc.gov,Genderfluid
Marchall,molcot4y@home.pl,Male
Taffy,tmehaffey4z@flavors.me,Female
Krysta,kpretty50@weibo.com,Female
Sammy,smegarrell51@ycombinator.com,Male
Niki,nboays52@people.com.cn,Female
Standford,sdargue53@studiopress.com,Male
Joann,jadamowicz54@abc.net.au,Female
Amabel,adougal55@pcworld.com,Female
Emanuel,eshmyr56@nhs.uk,Male
Salome,smarchbank57@bandcamp.com,Non-binary
Dennison,dsmitheram58@github.io,Male
Gustavus,graulin59@youku.com,Male
Randi,rheel5a@bbb.org,Female
Nero,nclail5b@cbsnews.com,Male
Rodge,rbrenton5c@yellowbook.com,Male
Wilbur,wslocket5d@list-manage.com,Male
Daisie,dgommes5e@discuz.net,Female
Leslie,lausello5f@slashdot.org,Female
Georgeanne,groseaman5g@npr.org,Female
Arley,afairlaw5h@globo.com,Male
Verne,vmccullouch5i@ameblo.jp,Male
Leonelle,lschuchmacher5j@xrea.com,Genderqueer
Letty,lhartill5k@fastcompany.com,Female
Nicky,nhrus5l@domainmarket.com,Male
Vivia,vshales5m@ucla.edu,Non-binary
Corrina,cgalgey5n@dot.gov,Non-binary
Sebastiano,skenner5o@comsenz.com,Male
Kennan,klefloch5p@webmd.com,Male
Brittaney,bhoult5q@ustream.tv,Female
Hewet,hzavattero5r@phoca.cz,Male
Silvan,sbaggarley5s@twitter.com,Male
Hailey,hkilgannon5t@umn.edu,Male
Humberto,hcabane5u@amazonaws.com,Male
Shell,snealon5v@yandex.ru,Female
Rudolph,rbeceril5w@livejournal.com,Male
Gisele,gcausbey5x@free.fr,Agender
Darryl,dsalan5y@seesaa.net,Female
Jaimie,jhallatt5z@netlog.com,Male
Cecelia,ckerswill60@linkedin.com,Female
Harri,hkharchinski61@uiuc.edu,Female
Franz,fhankin62@utexas.edu,Male
Heddie,hwadelin63@elpais.com,Female
Cobb,cheddy64@netlog.com,Male
Bert,bfenny65@umich.edu,Male
Brianne,blowing66@discuz.net,Female
Brody,bpatriche67@sina.com.cn,Male
Danit,dkharchinski68@topsy.com,Female
Florian,fespley69@state.tx.us,Male
Esme,egauthorpp6a@eepurl.com,Male
Jervis,jcianelli6b@wordpress.com,Male
Cozmo,chuntly6c@yellowpages.com,Polygender
Marian,mthorouggood6d@omniture.com,Female
Pearl,plazer6e@360.cn,Female
Ase,amatfin6f@china.com.cn,Male
Beaufort,bocalleran6g@sourceforge.net,Male
Idalina,imerrilees6h@admin.ch,Female
Donna,dclothier6i@symantec.com,Female
Avril,abode6j@army.mil,Female
Gaven,gjoron6k@abc.net.au,Genderqueer
Shem,swilshaw6l@cloudflare.com,Male
Harwilll,hcaiger6m@mit.edu,Male
Nada,ncastelletto6n@acquirethisname.com,Female
Paige,pbeausang6o@discuz.net,Bigender
Melisse,msexti6p@devhub.com,Female
Alexis,atommei6q@icq.com,Female
Arabelle,adurrad6r@ucoz.ru,Female
Horace,hrosoni6s@cbsnews.com,Male
Robbin,rstothart6t@ow.ly,Bigender
Loleta,lbrowne6u@sogou.com,Female
Feodora,fmarriage6v@t.co,Female
Lurlene,lslatcher6w@bloomberg.com,Female
Codie,cconeron6x@europa.eu,Male
Emory,emaddams6y@gravatar.com,Male
Sigmund,spadgett6z@xinhuanet.com,Male
Bartolemo,bbatalini70@clickbank.net,Male
Madonna,mganniclifft71@va.gov,Female
Carlo,caviss72@cdbaby.com,Male
Ollie,odownage73@reference.com,Female
Isadore,icansfield74@dailymail.co.uk,Male
Lanny,lranshaw75@samsung.com,Female
Shanda,sjoesbury76@twitpic.com,Female
Christos,ctwells77@reuters.com,Male
Rodie,rklainer78@xinhuanet.com,Female
Gregg,gallsebrook79@plala.or.jp,Male
Sukey,sdussy7a@weebly.com,Female
Berti,bmacredmond7b@twitpic.com,Male
Aube,acayet7c@cbslocal.com,Male
Maury,mphizackerly7d@netscape.com,Male
Sigvard,smcleish7e@yolasite.com,Male
Lemmy,lgirardin7f@senate.gov,Male
Ford,feronie7g@gnu.org,Male
Kirstyn,kbillison7h@msu.edu,Female
Wendel,wsinkins7i@diigo.com,Non-binary
Dorine,dreglar7j@printfriendly.com,Female
Aron,ablondelle7k@parallels.com,Male
Averyl,asexten7l@home.pl,Female
Cynthia,codriscole7m@themeforest.net,Female
Piotr,pblonfield7n@goo.gl,Male
Stephen,sforbear7o@soup.io,Male
Gil,gsumner7p@domainmarket.com,Male
Allie,agovenlock7q@t.co,Female
David,dking7r@naver.com,Male
Bert,bzoren7s@1688.com,Male
Willdon,wemsley7t@pen.io,Male
Sadye,slinger7u@odnoklassniki.ru,Female
Laure,ldavioud7v@skype.com,Female
Emera,echalfain7w@wikispaces.com,Female
Maritsa,mkeppe7x@bandcamp.com,Female
Kelwin,kstrike7y@topsy.com,Male
Rice,rvittori7z@msn.com,Male
Ronica,rtipple80@1688.com,Female
Lissie,lcanelas81@tmall.com,Female
Elsinore,ebortolutti82@wufoo.com,Female
Susette,sfettis83@xing.com,Female
Far,fandrioli84@zdnet.com,Male
Stanislaw,skyd85@naver.com,Male
Betteann,bdonald86@paginegialle.it,Female
Uta,uwindeatt87@jigsy.com,Genderqueer
Elmore,efishlock88@sun.com,Male
Meade,mdevlin89@sourceforge.net,Male
Burnard,bmcilwraith8a@cbsnews.com,Male
Kristos,kmacmenamy8b@bandcamp.com,Male
Luis,lbarchrameev8c@skyrock.com,Male
Cazzie,czuker8d@exblog.jp,Male
Orville,odusting8e@pinterest.com,Male
Knox,kibbett8f@delicious.com,Male
Rey,rodlin8g@mozilla.com,Male
Ed,epinock8h@opera.com,Male
Carina,cfayne8i@sphinn.com,Female
Shayla,sswede8j@examiner.com,Female
Rosene,rbowfin8k@blogtalkradio.com,Female
Bailie,bmountain8l@theguardian.com,Male
Hershel,hbiskupek8m@a8.net,Male
Jolynn,jdempsey8n@phoca.cz,Female
Estelle,esussans8o@vkontakte.ru,Bigender
Happy,hsellens8p@chronoengine.com,Female
Berkeley,bmarl8q@google.com,Male
Gael,gdepietri8r@elegantthemes.com,Female
Griffin,gocannan8s@huffingtonpost.com,Male
Heindrick,hgreatbanks8t@google.com.br,Male
Nikolos,nblase8u@bing.com,Male
Janith,jabbatucci8v@cornell.edu,Female
Elbertina,egalle8w@amazon.co.jp,Female
Ruggiero,rcammish8x@vimeo.com,Male
Rock,rfarquar8y@soup.io,Male
Morry,modda8z@livejournal.com,Male
Franklin,ftomankiewicz90@blog.com,Male
Brook,bvido91@sakura.ne.jp,Female
Ulrikaumeko,utallant92@edublogs.org,Non-binary
Geneva,gspitell93@gnu.org,Female
Shaylyn,sperse94@yellowpages.com,Female
Nikola,nheselwood95@ycombinator.com,Male
Hastie,hclemmow96@livejournal.com,Male
Rosalind,rblees97@tiny.cc,Genderfluid
Raychel,rcopland98@jigsy.com,Female
Henry,hheintzsch99@bandcamp.com,Genderfluid
Lynsey,lbrodeau9a@edublogs.org,Female
Bordie,bbock9b@zimbio.com,Male
Alexandro,aknapman9c@go.com,Non-binary
Mar,mostridge9d@sina.com.cn,Male
Micky,mpalfreyman9e@google.cn,Male
Onfroi,omecchi9f@biglobe.ne.jp,Male
Gawen,gbustard9g@twitter.com,Male
Shepperd,sbowerbank9h@apache.org,Male
Roselin,rsteers9i@msn.com,Female
Fairlie,ffreak9j@trellian.com,Male
Leanora,lcastillon9k@bloomberg.com,Female
Charmine,cbluck9l@xinhuanet.com,Female
Joshua,jgarken9m@twitter.com,Male
Harold,hconstantine9n@tmall.com,Polygender
Kania,kridler9o@posterous.com,Genderqueer
Whit,whartmann9p@wikimedia.org,Male
Hank,htytler9q@washington.edu,Male
Daniella,dlightowler9r@jalbum.net,Female
Genni,gbaltrushaitis9s@cornell.edu,Female
Derby,dmcvitie9t@mediafire.com,Male
Sterling,slegan9u@google.it,Male
Janene,jcockran9v@icio.us,Female
Ingelbert,idowthwaite9w@intel.com,Agender
Barbie,bkisby9x@uol.com.br,Female
Jacquenetta,jfarrear9y@sohu.com,Female
Brew,bgirodin9z@shop-pro.jp,Male
Ebenezer,eebswortha0@sphinn.com,Male
Shantee,skinlocha1@amazon.de,Female
Brandice,bingeritha2@nytimes.com,Female
Inigo,igarritleya3@hatena.ne.jp,Genderfluid
Skell,sacarsona4@samsung.com,Male
Barbette,bnorwella5@si.edu,Female
Melvyn,mwalshawa6@hubpages.com,Male
Adrien,acayeta7@gizmodo.com,Male
Brittne,balcorna8@auda.org.au,Female
Grazia,gmaddamsa9@cyberchimps.com,Female
Dall,dbeardsdaleaa@aol.com,Male
Bar,bharpab@moonfruit.com,Male
Georgi,gzarbac@ed.gov,Male
Joly,jscannellad@nymag.com,Polygender
Beverie,breganae@e-recht24.de,Female
Rustin,rdranaf@360.cn,Male
Gillan,gwheatlandag@mlb.com,Female
Dyann,dgheorghieah@bing.com,Genderqueer
Harrison,harkleai@topsy.com,Male
Tammi,tsutcliffeaj@4shared.com,Female
Eden,estangeak@addtoany.com,Female
Dannel,deplateal@addtoany.com,Male
Tedmund,trhymesam@kickstarter.com,Male
Evangelia,egannyan@wisc.edu,Female
Glenine,ghollymanao@mashable.com,Female
Ronnie,reyeap@jimdo.com,Male
Rik,rloydaq@illinois.edu,Male
Amalee,acovoliniar@domainmarket.com,Female
Bard,bblemingsas@cargocollective.com,Male
Ward,wbiglinat@ezinearticles.com,Male
Dominique,dprimeau@indiatimes.com,Female
Alasteir,amclaeav@cloudflare.com,Male
Nilson,nexpositoaw@tinypic.com,Male
Georgeta,glambersenax@i2i.jp,Female
Arnuad,alayzellay@cdc.gov,Male
Hamish,hpinnockaz@google.co.uk,Male
Clifford,cfrankemab0@huffingtonpost.com,Male
Darren,dcolliberb1@virginia.edu,Male
Shurlock,sgreensittb2@fotki.com,Genderfluid
Stafford,sgowthropb3@cnet.com,Male
Christiane,cworsterb4@squidoo.com,Female
Barbee,bmabeeb5@reddit.com,Female
Aldwin,ahariotb6@dailymail.co.uk,Male
Natal,nmostynb7@mediafire.com,Male
Idalina,idoyleyb8@ft.com,Female
Con,csibunb9@tuttocitta.it,Male
Nicolea,npiggfordba@google.pl,Female
Linn,ltaysbilbb@stumbleupon.com,Female
Gun,gbalazinbc@go.com,Male
Barney,brainardbd@sakura.ne.jp,Male
Robinet,rhellwingbe@dailymotion.com,Female
Chelsea,cmathonbf@epa.gov,Female
Justino,jaggliobg@trellian.com,Non-binary
Janaye,jwyssbh@tuttocitta.it,Female
Izak,iskeabi@edublogs.org,Male
Brooke,bmccaghanbj@gnu.org,Female
Tonya,tmaundbk@adobe.com,Non-binary
Kasey,kscrynebl@army.mil,Female
Eda,ebroxapbm@sakura.ne.jp,Female
Blayne,bflintuffbn@webmd.com,Male
Fabian,fwarrierbo@zdnet.com,Male
Koressa,kbernardybp@intel.com,Female
Robin,rdraytonbq@elegantthemes.com,Male
Demetre,dwhiteheadbr@slashdot.org,Male
Ted,tblindbs@cbsnews.com,Female
Jobey,jmattheissenbt@naver.com,Polygender
Matty,msteuhlmeyerbu@cpanel.net,Male
Gino,glickessbv@mac.com,Male
Jonas,jchaplainbw@ed.gov,Male
Niki,nsailsbx@globo.com,Male
Shayla,sfurmedgeby@trellian.com,Female
Cullen,cthumimbz@lulu.com,Male
Birk,bjuschkec0@loc.gov,Male
Laurie,lguyetc1@ibm.com,Male
Ivett,idansiec2@ihg.com,Female
Vitoria,vfermoyc3@webeden.co.uk,Female
Bria,bsimonssonc4@mashable.com,Female
Vere,vbuglassc5@eventbrite.com,Female
Storm,sseearc6@people.com.cn,Female
Annabel,atashc7@networkadvertising.org,Bigender
Onfroi,oshillabeerc8@omniture.com,Male
Damiano,dboldc9@va.gov,Male
Verena,vbaggalleyca@altervista.org,Female
Dorotea,dwenderothcb@wiley.com,Female
Cozmo,cdonovincc@phpbb.com,Male
Fanny,fkinsmancd@cisco.com,Female
Isiahi,itompkinsce@squarespace.com,Non-binary
Tierney,tcamoyscf@webs.com,Female
Robbie,rfeehamcg@w3.org,Female
Matelda,mministerch@washington.edu,Female
Matty,mgraserci@clickbank.net,Female
Francene,fdemougeotcj@cbslocal.com,Female
Kriste,kthumimck@oracle.com,Female
Janifer,jbearmancl@china.com.cn,Female
Waiter,wcanetcm@blogtalkradio.com,Male
Link,lterrettcn@weibo.com,Male
Merlina,mkubatschco@canalblog.com,Female
Melisenda,mswanstoncp@cloudflare.com,Female
Ted,tcaspellcq@slashdot.org,Female
Carolyne,csinderlandcr@si.edu,Female
Vanya,vommanneycs@mlb.com,Male
Jermain,jguidinict@guardian.co.uk,Male
Kliment,kunderwoodcu@gravatar.com,Agender
Bryn,bglowachacv@themeforest.net,Female
Shurwood,sstarecw@house.gov,Male
Raimund,rgasparcx@artisteer.com,Male
Ulberto,ucrocombecy@homestead.com,Male
Rutter,rcurnnokkcz@wired.com,Male
Remus,rahmedd0@youtube.com,Male
Sloane,sgaitoned1@tripod.com,Male
Agretha,aapfelmannd2@sitemeter.com,Female
Edvard,eferroneld3@washington.edu,Male
Cecilio,cdoodyd4@blinklist.com,Male
Harlene,hkrinkd5@ed.gov,Female
Sascha,sblaineyd6@shareasale.com,Female
David,dbergeond7@cbc.ca,Male
Marlena,mbraikenridged8@ebay.com,Female
Cati,cimlockd9@sbwire.com,Genderfluid
Buckie,bchildersda@google.nl,Male
Bent,bmacneilleydb@senate.gov,Male
Rolando,rlevingedc@bloglovin.com,Male
Marketa,mcarbertdd@miitbeian.gov.cn,Female
Rosina,rbambrade@4shared.com,Female
Drusilla,dgreatexdf@hao123.com,Female
Tamma,tbartalettidg@tripod.com,Female
Meris,mrayltondh@imageshack.us,Female
Carry,cheeneydi@youtu.be,Female
Juli,jdancerdj@taobao.com,Female
Bent,beuelsdk@shutterfly.com,Male
Allister,alapsleydl@posterous.com,Male
Meg,mroderickdm@jigsy.com,Genderfluid
Karim,kreutherdn@discovery.com,Male
Thomas,tpaveldo@oakley.com,Male
Johnny,jhaggartydp@ftc.gov,Male
Letisha,lfraserdq@wunderground.com,Non-binary
Dalt,dcrispdr@java.com,Male
Bo,bgiroldods@histats.com,Male
Ninnetta,ndomicodt@bbc.co.uk,Female
Euell,eserrelldu@irs.gov,Male
Sharyl,sgorckedv@amazon.co.jp,Female
Hubey,hnewarkdw@ebay.com,Male
Bail,bmaytumdx@xrea.com,Male
Rafe,rgadmandy@wordpress.org,Male
Madison,mbeggsdz@altervista.org,Male
Ilaire,iallderidgee0@multiply.com,Male
Selby,sharlee1@globo.com,Male
Sharla,sghiraldie2@sakura.ne.jp,Female
Ariel,aaburrowe3@networksolutions.com,Female
Reeta,rmellenbye4@berkeley.edu,Female
Abie,acrossgrovee5@springer.com,Male
Tades,tcollingse6@prweb.com,Male
Chancey,cedgcombee7@cisco.com,Non-binary
Florella,fgeffingere8@delicious.com,Female
Anni,achillese9@cdbaby.com,Female
Gloriana,gspivieea@etsy.com,Female
Baily,bgrundeb@usa.gov,Male
Chelsey,csoaresec@godaddy.com,Female
Stan,sjowseyed@infoseek.co.jp,Male
Randie,rlassenee@surveymonkey.com,Male
Filberto,fromeef@noaa.gov,Male
Morgen,mcomussoeg@economist.com,Non-binary
Margaret,mmellingseh@techcrunch.com,Female
Gallard,gdesforgesei@bloglines.com,Male
Shoshana,smcmanusej@weebly.com,Bigender
Pauletta,pkibbeeek@deliciousdays.com,Female
Otto,omuglestonel@youku.com,Male
Sherlock,sbarendsem@cbslocal.com,Male
Jennette,jdanteren@yellowpages.com,Female
Wynnie,wburberoweo@microsoft.com,Female
Gav,glawteyep@amazon.co.jp,Male
Ingram,iheakeq@digg.com,Male
Clayson,cyitzhoker@hatena.ne.jp,Male
Alistair,ahoulstones@arizona.edu,Male
Candace,cglanderet@bluehost.com,Female
Ossie,ocridlineu@pinterest.com,Male
Jorgan,jowensonev@un.org,Male
Cybil,cabeauew@vk.com,Female
Myrta,msimoesex@economist.com,Female
Lammond,lconcannoney@purevolume.com,Male
Kippy,kdoutchez@jiathis.com,Female
Carolann,cbeharrellf0@people.com.cn,Female
Britteny,btunkinf1@washington.edu,Female
Candy,ctompkinf2@sogou.com,Female
Moina,mkermonf3@pbs.org,Female
Jasper,jshernockf4@google.co.jp,Male
Peggie,pjaquemef5@usnews.com,Female
Dyana,dbandyf6@paginegialle.it,Female
Martelle,mkarpinskif7@cpanel.net,Female
Derward,dculbardf8@about.me,Male
Tod,tbuttsf9@tiny.cc,Male
Darlleen,ddobrowolnyfa@ask.com,Female
Teriann,tbatteyfb@blogspot.com,Female
Patin,pfigurefc@netvibes.com,Male
Benedicto,blowlessfd@earthlink.net,Male
Netta,ntempletonfe@blogs.com,Female
Sayer,smushetff@webs.com,Male
Korey,kphilcockfg@slideshare.net,Male
Truda,tkermannesfh@sfgate.com,Female
Vin,vludmannfi@github.io,Male
Leonard,lbletsoefj@behance.net,Male
Pauly,pstandbrookefk@spotify.com,Male
Elmo,ebrittanfl@msu.edu,Polygender
Kaycee,klangstrathfm@indiatimes.com,Female
Valeria,vmattausfn@desdev.cn,Female
Adda,alahrsfo@cpanel.net,Female
Rhianon,rscargillfp@webnode.com,Female
Trescha,titzcovichchfq@yellowpages.com,Female
Cherlyn,cpeskinfr@jiathis.com,Polygender
Guthrey,gfilipyevfs@elpais.com,Male
Bernette,bpaulischft@chronoengine.com,Female
Lisa,lgiacopinifu@baidu.com,Female
Kati,ksavidgefv@mail.ru,Female
Bonnibelle,bproctorfw@archive.org,Female
Essa,ebrownsillfx@sciencedirect.com,Female
Jillayne,jsansamfy@w3.org,Female
Anton,agouldbournfz@youku.com,Male
Ajay,aigoeg0@dot.gov,Female
Nap,ncoadyg1@webmd.com,Male
Rodd,rgroomeg2@macromedia.com,Male
Daune,dsuthworthg3@unesco.org,Female
Woodman,wrubieg4@tmall.com,Male
Marika,maugusteg5@sourceforge.net,Female
Sara,svizorg6@goo.ne.jp,Female
Idalia,ifaceyg7@berkeley.edu,Female
Cordula,ctakosg8@xing.com,Female
Delia,delmesg9@examiner.com,Female
Gabi,glampega@sun.com,Female
Noland,nkinningb@latimes.com,Male
Olin,ohourahangc@state.gov,Male
Marisa,mgalgeygd@wikimedia.org,Non-binary
Annette,adeschellege@cbslocal.com,Female
Cathe,cstoilegf@ebay.com,Female
Grenville,gbonniergg@theatlantic.com,Male
Jori,jterlindengh@washingtonpost.com,Female
Kelila,kotteridgegi@amazonaws.com,Female
Hetti,hcoopmangj@alibaba.com,Female
Nevin,ndeancywillisgk@timesonline.co.uk,Male
Les,lsloeygl@apache.org,Male
Lisle,lscanegm@prlog.org,Male
Judi,jpollandgn@bigcartel.com,Female
Leese,lskentelburygo@stumbleupon.com,Female
Laverne,lmacenzygp@themeforest.net,Female
Cullie,ccapelengq@nps.gov,Male
Merry,mcicchelligr@mac.com,Male
Bernadene,bcunradogs@zdnet.com,Female
Lari,lvostgt@fotki.com,Female
Rora,rcrothergu@opensource.org,Female
Godfrey,gwroutgv@omniture.com,Male
Bobbye,btrivettgw@pinterest.com,Female
Boonie,bodonohuegx@jalbum.net,Male
Elene,eapthorpegy@wufoo.com,Female
Sacha,siremongergz@domainmarket.com,Female
Loria,lfolkerdh0@mtv.com,Female
Sebastien,slevinh1@blogspot.com,Male
Loraine,ltetlowh2@umich.edu,Female
Neil,nohenecanh3@netlog.com,Male
Joscelin,jtissimanh4@fastcompany.com,Female
Carla,cdymockh5@webnode.com,Female
Ervin,eguinnessh6@linkedin.com,Male
Geoffrey,goddah7@seattletimes.com,Male
Kaila,kstrettleh8@jugem.jp,Female
Chester,clamperdh9@4shared.com,Male
Drusy,dalejoha@nature.com,Female
Christie,cbrixeyhb@free.fr,Non-binary
Desiri,dcaldeshc@noaa.gov,Polygender
Shaylynn,slangstrathhd@hao123.com,Genderfluid
Tully,tvivianhe@storify.com,Male
Walther,wplumsteadhf@twitpic.com,Male
Blair,bgorringehg@booking.com,Female
Donalt,drubbenshh@abc.net.au,Male
Buffy,bsustinshi@google.fr,Female
Huey,hshinnhj@upenn.edu,Male
Brook,bmintohk@ftc.gov,Genderqueer
Ahmed,atownshendhl@nationalgeographic.com,Male
Ingaberg,iaingelhm@wix.com,Female
Leilah,lleinweberhn@narod.ru,Female
Horatio,hbraimeho@trellian.com,Male
Dareen,dvivashhp@google.es,Female
Gage,gocloneyhq@archive.org,Male
Ansley,abrumbyhr@walmart.com,Female
Marcelo,mcaltunhs@go.com,Male
Franchot,flaverickht@nsw.gov.au,Male
Sibley,sgohnhu@bizjournals.com,Female
Meghann,mbarczynskihv@vk.com,Female
Garnette,glifehw@example.com,Female
Elsey,eadamshx@netvibes.com,Female
Yves,ymulchronehy@nationalgeographic.com,Male
Elsey,epettisallhz@ameblo.jp,Female
Dew,dranni0@aboutads.info,Male
Elmira,ehendriksi1@theguardian.com,Female
Madeline,mbadderi2@canalblog.com,Female
Carlie,cmcneicei3@cam.ac.uk,Male
Fredrika,fashfieldi4@upenn.edu,Female
Morty,myongi5@pagesperso-orange.fr,Male
Esmaria,ebennettoi6@sina.com.cn,Female
Bettye,bmenichinoi7@geocities.com,Female
Kleon,kalvari8@ning.com,Male
Theresa,tblagburni9@npr.org,Female
Romy,rlambotinia@illinois.edu,Female
Oliviero,ocartnerib@hibu.com,Bigender
Aime,alanmeidic@nifty.com,Female
Rodie,rglasmanid@sphinn.com,Female
Alexei,ateresseie@reddit.com,Male
Selig,swantif@webnode.com,Male
Jasen,jmarshalleckig@delicious.com,Male
Filide,flovartih@hibu.com,Genderfluid
Naoma,ndonlonii@elegantthemes.com,Female
Galven,gkobesij@merriam-webster.com,Male
Mandie,mbreedyik@reddit.com,Female
Happy,hchildesil@t.co,Genderqueer
Karla,kkirwoodim@latimes.com,Female
Shae,sganleyin@acquirethisname.com,Male
Sadella,sbroseniusio@cam.ac.uk,Female
Den,dfellip@scribd.com,Male
Eadie,epetraschiq@google.es,Female
Meaghan,mpierceyir@sphinn.com,Female
Axel,areapis@phoca.cz,Male
Car,cchidwickit@microsoft.com,Male
Gerardo,gpresslieiu@deliciousdays.com,Male
Clement,ckeatsiv@aol.com,Male
Virgina,vduffitiw@printfriendly.com,Female
Norry,ndymickix@umich.edu,Female
Gavrielle,gmccarrickiy@princeton.edu,Female
Phaedra,pjanwayiz@toplist.cz,Female
Kayle,kdydej0@answers.com,Female
Lammond,ltungatej1@wikipedia.org,Male
Miltie,mrathbonej2@edublogs.org,Male
Chantalle,cbrabantj3@miibeian.gov.cn,Female
Kathleen,kandreuj4@ftc.gov,Female
Letta,lswaffieldj5@va.gov,Female
Jenica,jbriztmanj6@squarespace.com,Genderqueer
Eimile,esumsionj7@quantcast.com,Female
Maryrose,msevenj8@sciencedaily.com,Female
Alberto,akelbererj9@youku.com,Male
Korney,kridoutja@163.com,Female
Stephine,sseathjb@bbb.org,Female
Abagael,ablakestonjc@networksolutions.com,Female
Ruddy,rchewjd@ask.com,Male
Tine,tridettje@techcrunch.com,Female
Caryl,cpedronjf@chronoengine.com,Female
Hart,hmartynovjg@cyberchimps.com,Male
Timmi,tallensonjh@barnesandnoble.com,Female
Lilllie,lsammutji@stanford.edu,Female
Lina,lspinkjj@archive.org,Female
Tuckie,twraightjk@123-reg.co.uk,Polygender
Jackson,jworwoodjl@google.es,Male
Paulita,pjodrellejm@com.com,Female
Hillier,hbrahamsjn@economist.com,Male
Jessika,jmenichinojo@oakley.com,Female
April,alabbeyjp@chron.com,Genderqueer
Anton,asidaryjq@sciencedirect.com,Male
Maible,mnewsonjr@ebay.co.uk,Female
Kip,kbrewardjs@imgur.com,Female
Alyce,aaronsjt@wikispaces.com,Female
Archer,arohloffju@hao123.com,Male
Vanya,vwickersleyjv@wikimedia.org,Male
Judye,jmonginjw@si.edu,Female
Casey,ctoolanjx@altervista.org,Male
Darrell,drogetjy@unicef.org,Male
Mariejeanne,mfeathersbyjz@marketwatch.com,Female
Garrot,gpiollik0@yahoo.co.jp,Bigender
Belva,bcrottyk1@geocities.jp,Female
Augustus,amincinik2@usda.gov,Male
Guy,girwink3@dailymotion.com,Genderqueer
Dyanna,dbradanek4@addthis.com,Female
Arch,aandrenk5@pagesperso-orange.fr,Male
Marjory,mtoalk6@plala.or.jp,Female
Godart,gfirebracek7@miitbeian.gov.cn,Male
Adel,alickorishk8@ox.ac.uk,Female
Daryl,dboweringk9@edublogs.org,Male
Meryl,mplunkettka@yahoo.com,Male
Paolina,pterrankb@usnews.com,Female
Puff,pgerritzenkc@examiner.com,Male
Lammond,lpenrittkd@redcross.org,Male
Tera,tchidzoyke@ustream.tv,Female
Christos,cpetzoldkf@tmall.com,Male
Quinn,qgroucuttkg@netlog.com,Male
Tallou,tgreasonkh@arstechnica.com,Bigender
Phaidra,pivanovki@wordpress.org,Female
Lilith,lhuckerbykj@indiegogo.com,Female
Pablo,pmacraekk@blogtalkradio.com,Male
Noelyn,nsybekl@bbc.co.uk,Female
Holly,hfechniekm@statcounter.com,Non-binary
Ramonda,rsuettkn@ucoz.ru,Female
Magdaia,mheadinghamko@meetup.com,Female
Marianna,mcanadakp@businessweek.com,Female
Felicia,fmaggiorikq@aol.com,Female
Carroll,cofihilykr@i2i.jp,Female
Kenna,kscaiceks@mayoclinic.com,Female
Schuyler,shonywillkt@clickbank.net,Male
Adriane,afrushardku@sitemeter.com,Female
Clarinda,cdungaykv@loc.gov,Female
Delphine,dhealkskw@narod.ru,Female
Mikael,medkinskx@prnewswire.com,Male
Rodrick,rsmallcombeky@jalbum.net,Genderqueer
Steward,sblagdonkz@taobao.com,Male
Glory,gthongerl0@multiply.com,Bigender
Wendeline,wwestlakel1@slideshare.net,Female
Dar,dgangel2@diigo.com,Male
Magda,mbaulkl3@aol.com,Female
Lucille,lbulloughl4@mapquest.com,Female
Sidnee,sthurnerl5@upenn.edu,Male
Lorrie,lgethinsl6@fotki.com,Female
Cora,ceitterl7@google.co.uk,Female
Yancy,ybelcherl8@state.tx.us,Male
Collen,cbattmanl9@meetup.com,Female
Rriocard,rbouslerla@disqus.com,Male
Onofredo,opriorlb@comsenz.com,Male
Jerrie,jartonlc@dagondesign.com,Female
Karie,knorthleighld@scientificamerican.com,Female
Andre,alaffranconile@chronoengine.com,Male
Kamillah,kmckernlf@ted.com,Female
Jill,jjonklg@ihg.com,Female
Errol,eleyrelh@narod.ru,Genderqueer
Larina,lbartalotli@geocities.com,Female
Moise,msmurfittlj@hc360.com,Male
Josefa,jarmstronglk@businessinsider.com,Female
Ky,knellesll@google.nl,Male
Enrico,ewyonlm@flavors.me,Male
Ewen,eblunsumln@ted.com,Male
Erie,eduddinlo@google.co.jp,Male
Drona,djeannaudlp@google.it,Bigender
Creighton,cmatuslq@sphinn.com,Male
Torre,tspandleylr@pen.io,Male
Herold,hpreshols@un.org,Male
Anatollo,aespinazolt@illinois.edu,Male
Gilly,gkeeffelu@newyorker.com,Female
Sherman,sgrosvenorlv@123-reg.co.uk,Male
Aldridge,aheggisonlw@opera.com,Male
Worthington,wphillottlx@123-reg.co.uk,Male
Erhart,emasdinly@wisc.edu,Male
Nisse,nrowelllz@4shared.com,Female
Allegra,ablaxterm0@guardian.co.uk,Female
Horatia,hlarnem1@huffingtonpost.com,Female
Cornelle,cmynettm2@wix.com,Female
Lucias,lweddeburnscrimgeourm3@uol.com.br,Male
Fanchette,fskaidm4@comsenz.com,Female
Harcourt,hwratesm5@huffingtonpost.com,Male
Clarance,cjeannequinm6@ycombinator.com,Bigender
Archibald,ayearronm7@techcrunch.com,Male
Durant,dcusiterm8@free.fr,Male
Matilda,mdeluciam9@free.fr,Female
Dennie,dandrzejowskima@nymag.com,Male
Saundra,spietrimb@sitemeter.com,Female
Dev,dattawellmc@google.cn,Male
Darnall,dsurridgemd@geocities.com,Male
Caesar,crenboldme@youtu.be,Male
Morry,mmaharrymf@bloglines.com,Non-binary
Kassandra,khiskeymg@g.co,Female
Muffin,mkenlinmh@theguardian.com,Female
Haydon,haugiemi@ihg.com,Non-binary
Meyer,myeamanmj@spotify.com,Male
Cinda,crawlsmk@bluehost.com,Female
Devan,dclemanceauml@si.edu,Female
Clayborne,cabdymm@abc.net.au,Male
Remus,ralbinsonmn@theguardian.com,Male
Natka,ntamburomo@last.fm,Female
Tamra,tdahillmp@paypal.com,Female
Cy,cpiolamq@epa.gov,Male
Fran,fdelchecolomr@theglobeandmail.com,Female
Mario,mbenmorems@last.fm,Male
Jennee,jgiamittimt@hhs.gov,Female
Rowland,rcolquittmu@mit.edu,Male
Conrade,ckilfordmv@bloomberg.com,Male
Forest,fpullanmw@pbs.org,Male
Nicolina,ncavaliermx@about.me,Female
Isa,ibrewoodmy@nsw.gov.au,Female
Johannah,jdemarcomz@blog.com,Female
Ximenes,xsilcockn0@is.gd,Male
Lexie,ldawleyn1@desdev.cn,Female
Arlinda,aspoonern2@oakley.com,Female
Shelia,sbonarn3@behance.net,Female
Issy,imackleyn4@amazonaws.com,Female
Pet,ppanasn5@360.cn,Female
Flore,fcareswelln6@netlog.com,Female
Urson,umccoishn7@quantcast.com,Male
Norean,nsackeyn8@economist.com,Polygender
Allina,abathowen9@paypal.com,Female
Rora,rrickwordna@ehow.com,Female
Timofei,tswitlandnb@ycombinator.com,Male
Sabrina,schopync@weebly.com,Female
Faunie,fhellernd@reference.com,Female
Hugues,hlemerlene@usgs.gov,Male
Jaymee,jpierrepontnf@squidoo.com,Female
Ilse,imcilhattonng@state.tx.us,Female
Tanhya,tperrottetnh@ted.com,Female
Gracia,gcrutchleyni@t.co,Female
Sim,sdoumernj@berkeley.edu,Male
Hali,hnorvellnk@slideshare.net,Female
Andras,apropnl@bloglovin.com,Agender
Lucine,lcasaccionm@amazon.co.jp,Female
Briney,bcroomnn@umich.edu,Female
Abner,alinnyno@storify.com,Male
Gilbert,gcundynp@nasa.gov,Male
Earl,ebickerstaffenq@cisco.com,Male
Jo,jmaylamnr@chicagotribune.com,Male
Giselbert,gdudleyns@pbs.org,Male
Ina,iheddynt@omniture.com,Female
Bent,bsennernu@telegraph.co.uk,Male
Booth,blochnv@storify.com,Male
Jeth,jmiltonwhitenw@ftc.gov,Male
Gwyneth,gumbertnx@seattletimes.com,Female
Shena,ssamny@constantcontact.com,Female
Sallyann,stohillnz@joomla.org,Female
Vilma,vcausho0@xing.com,Female
Sheilakathryn,shampeo1@sphinn.com,Female
Lucian,ldempseyo2@shop-pro.jp,Male
Donella,dsanpereo3@loc.gov,Female
Brooke,bdalgetyo4@digg.com,Male
Billi,bgiorgioo5@flickr.com,Female
Chevy,cdominoo6@studiopress.com,Male
Roobbie,rgabboto7@storify.com,Female
Pryce,ptwoohyo8@kickstarter.com,Genderfluid
Terri,tgaskampo9@miitbeian.gov.cn,Female
Rickert,ralcideoa@imageshack.us,Male
Hallsy,hgarricob@elpais.com,Male
Gayel,gkilbrideoc@tripod.com,Female
Gavin,gmeaneyod@un.org,Male
Piggy,pmcwhinnieoe@dion.ne.jp,Genderfluid
Taber,tscriverof@naver.com,Male
Gwen,gsharrocksog@domainmarket.com,Female
Cathie,cwakerleyoh@blog.com,Female
Violante,vmarianoi@washingtonpost.com,Female
Mendie,mvaskovoj@bbb.org,Male
Suzie,shusselbeeok@time.com,Female
Kirsti,kfablerol@bluehost.com,Female
Robin,rgatemanom@acquirethisname.com,Male
Maud,mneyon@army.mil,Non-binary
Langsdon,lallcockoo@si.edu,Male
Margery,minglissop@nba.com,Female
Marylynne,mmoseoq@twitpic.com,Female
Mic,mmartinecor@va.gov,Male
Gloria,gallsuppos@bluehost.com,Female
Margalo,medmondsonot@360.cn,Female
Drud,dcorradiniou@google.com.br,Male
Ginnifer,gmccloyov@bluehost.com,Female
Tyrus,tleguayow@mozilla.com,Male
Chelsy,chogsdenox@vk.com,Female
Bobbie,blongcakeoy@army.mil,Female
Tyson,turidgeoz@boston.com,Male
Tulley,tbilesp0@psu.edu,Male
Bearnard,bvennartp1@hud.gov,Male
Celestine,cpringleyp2@google.de,Genderfluid
Tobie,tallgoodp3@twitpic.com,Male
Robby,rpockeyp4@hao123.com,Female
Niall,nfludderp5@nytimes.com,Non-binary
Dasi,dfrisep6@va.gov,Female
Brandais,bwhapplesp7@miibeian.gov.cn,Female
Lem,lmarrillp8@freewebs.com,Male
Marilin,mbartholinp9@thetimes.co.uk,Female
Mina,mwarrackpa@issuu.com,Female
Natalina,nlansleypb@xing.com,Female
Shelby,samortspc@amazon.de,Male
Russell,rwhitmorepd@yahoo.com,Male
Rufus,rchithampe@yandex.ru,Male
Shaine,sshawcroftpf@bbc.co.uk,Male
Fremont,fkarlolczakpg@wix.com,Male
Yetta,ybidmeadph@sun.com,Female
Veronica,vsedgemondpi@dell.com,Female
Lisa,lgiraudouxpj@creativecommons.org,Female
Sileas,sglentonpk@smh.com.au,Female
Janek,jtwelftreepl@a8.net,Male
Maddi,mtometpm@myspace.com,Female
Jannelle,jboultpn@illinois.edu,Female
Berna,bbentamepo@answers.com,Female
Alexandro,abartolommeopp@time.com,Male
Bellanca,bmckombpq@pcworld.com,Female
Annissa,abellshampr@e-recht24.de,Female
Georgina,ggilliardps@tripod.com,Female
Lucia,lkeelinpt@msn.com,Female
Aldrich,aspeerepu@fastcompany.com,Male
Orella,ophalppv@naver.com,Female
Tripp,tlenoirepw@github.com,Male
Latashia,lvittlepx@bravesites.com,Female
Gregg,gfleemingpy@people.com.cn,Male
Renata,rfawsonpz@businesswire.com,Female
Sheffield,smicheliq0@nba.com,Male
Arvie,aklammanq1@senate.gov,Male
Nichol,nguyersq2@fema.gov,Female
Stacey,storbeckq3@sogou.com,Genderqueer
Mae,mticksallq4@answers.com,Female
Myron,mstorresq5@symantec.com,Male
Filippa,fsprakeq6@huffingtonpost.com,Female
Venita,vsijmonsq7@princeton.edu,Female
Sergio,szylberdikq8@miibeian.gov.cn,Male
Kathye,kedgworthq9@netscape.com,Female
Henry,hquinlanqa@godaddy.com,Male
Eddi,ewatlingqb@netvibes.com,Female
Pavel,pbillanieqc@jigsy.com,Male
Giselle,gketteridgeqd@intel.com,Female
Letta,llugardqe@qq.com,Female
Philipa,pgleedqf@shareasale.com,Female
Tawsha,tringhamqg@studiopress.com,Female
Rosemarie,rtreesqh@ed.gov,Polygender
Ferdinande,fselbyqi@woothemes.com,Female
Tuck,tgrzegorzewiczqj@ebay.co.uk,Male
Northrup,nmaceqk@tumblr.com,Male
Kennith,krawlingql@paypal.com,Non-binary
Holt,hmangamqm@opera.com,Male
Lorilee,lbernardyqn@economist.com,Female
Krystalle,kaaronsqo@google.fr,Female
Ansel,awithropqp@census.gov,Male
Delila,dbrewinsqq@g.co,Female
Francois,fhayneqr@reference.com,Male
Lucine,lbrosiniqs@abc.net.au,Female
Bradly,bsilbyqt@t-online.de,Male
Pamella,pbozworthqu@godaddy.com,Female
Lorin,lcaddyqv@wisc.edu,Male
Thorn,tfrostqw@answers.com,Male
Wesley,whyslopqx@de.vu,Male
Kara,kdymidowskiqy@networksolutions.com,Female
Stoddard,skitchingmanqz@purevolume.com,Female
Foster,fclewettr0@ameblo.jp,Male
Sebastian,swybourner1@surveymonkey.com,Male
Ronni,rsanthouser2@deviantart.com,Female
Gerrie,gmariaudr3@washington.edu,Male
Finn,fnodinr4@cdc.gov,Male
Joachim,jhartr5@blogger.com,Male
Elfreda,echestnuttr6@yahoo.co.jp,Female
Bevin,blatterr7@multiply.com,Male
Almira,akemberr8@springer.com,Female
Selig,sgallaharr9@jugem.jp,Bigender
Morgun,mnisenra@youtube.com,Male
Fawne,ftenauntrb@1und1.de,Female
Tuck,tgrigoryevrc@marketwatch.com,Male
Elladine,edeatonrd@springer.com,Female
Lynde,lnewsteadre@indiegogo.com,Female
Carlee,cduttrf@opera.com,Female
Freeland,fnultyrg@purevolume.com,Male
Bentley,bstockaurh@omniture.com,Male
Marybelle,mellerkerri@friendfeed.com,Female
Malva,mmitchinerrj@godaddy.com,Female
Raimundo,rbiglandrk@dailymail.co.uk,Male
Kaine,kquilkinrl@ucla.edu,Male
Laney,lbinderrm@businessweek.com,Female
Lisbeth,lvoadenrn@army.mil,Female
Nona,narnottro@hugedomains.com,Female
Franky,fbenezeitrp@intel.com,Male
Kylynn,kstainsbyrq@bandcamp.com,Female
Marijo,mwhitterrr@nasa.gov,Genderfluid
